{
  "1": {
    "calculator": "vasp",
    "calculator_parameters": {},
    "cell": {
      "array": {
        "__ndarray__": [
          [
            3,
            3
          ],
          "float64",
          [
            21.5,
            0.0,
            0.0,
            0.0015,
            8.379,
            0.0,
            -3.4284,
            0.0098,
            9.0939
          ]
        ]
      },
      "__ase_objtype__": "cell"
    },
    "ctime": 23.31750207868058,
    "energy": -783.77729654,
    "forces": {
      "__ndarray__": [
        [
          116,
          3
        ],
        "float64",
        [
          -0.000208,
          -0.000762,
          0.001504,
          -0.000904,
          2.9e-05,
          0.000908,
          0.000142,
          0.001329,
          0.000917,
          -0.001374,
          -0.000149,
          0.001495,
          -0.001747,
          0.00106,
          -0.000668,
          -0.002499,
          0.001976,
          -0.000407,
          -0.000467,
          -0.000248,
          0.000688,
          0.002273,
          0.001227,
          0.001117,
          0.001459,
          -0.000274,
          -0.001606,
          0.001304,
          0.00044,
          -0.00028,
          1.1e-05,
          0.000817,
          0.001284,
          0.000496,
          0.000318,
          -0.000842,
          0.000708,
          0.000269,
          -0.000293,
          -0.000318,
          0.000709,
          -0.000275,
          -0.001669,
          -0.001637,
          0.002113,
          -0.000355,
          -0.00052,
          0.000124,
          -8e-06,
          -0.000816,
          6.7e-05,
          -0.001208,
          0.000172,
          0.001582,
          0.002112,
          -0.00174,
          -0.000456,
          0.001186,
          0.001466,
          -0.000939,
          -0.00088,
          0.001778,
          0.002486,
          0.001025,
          -0.000419,
          -0.000824,
          -0.000284,
          -0.001623,
          0.000817,
          0.000503,
          0.001075,
          -0.000818,
          0.00039,
          0.001305,
          -0.000464,
          0.001472,
          -0.002023,
          -0.002232,
          -0.000126,
          -0.000489,
          -0.001306,
          0.001413,
          0.001931,
          -0.00225,
          -0.001179,
          -0.00027,
          0.001003,
          -0.00274,
          -0.000988,
          -0.000882,
          0.001534,
          -0.000798,
          2.1e-05,
          -0.000276,
          -0.000707,
          -0.000576,
          0.000907,
          -0.001669,
          0.000392,
          0.001329,
          0.001271,
          0.000766,
          3.2e-05,
          -0.000255,
          0.003183,
          0.000493,
          0.000837,
          -0.002965,
          0.000946,
          -0.000711,
          -0.003009,
          -0.001929,
          0.000411,
          -0.000198,
          0.000474,
          -0.001618,
          -0.000951,
          0.001163,
          0.000323,
          -0.002082,
          0.000186,
          0.001142,
          0.000164,
          0.002107,
          0.001623,
          -0.000541,
          -0.001355,
          0.000718,
          0.001182,
          -0.000495,
          0.000862,
          -0.00137,
          0.00068,
          -0.000345,
          0.00183,
          -0.00164,
          -0.000299,
          7.6e-05,
          0.000367,
          -0.000713,
          0.002345,
          -0.000253,
          -0.000936,
          -0.000217,
          0.002466,
          -0.00018,
          0.00054,
          0.00019,
          -0.00019,
          0.001644,
          0.000101,
          0.000167,
          0.000484,
          -0.001052,
          0.000139,
          -0.002544,
          0.002145,
          -0.000353,
          -0.000549,
          -0.000896,
          0.000514,
          -0.001989,
          0.000386,
          0.000364,
          -0.000945,
          -0.002558,
          -1.2e-05,
          -0.000461,
          -0.001556,
          -0.001659,
          0.000931,
          -3.5e-05,
          -0.001265,
          -0.000139,
          -0.000895,
          -0.000371,
          0.002007,
          -0.000439,
          0.001214,
          0.000689,
          7.5e-05,
          -0.000247,
          0.00134,
          0.001601,
          -0.000462,
          -0.001462,
          -0.001032,
          9e-05,
          0.003127,
          -0.000434,
          -0.000156,
          0.002929,
          0.001809,
          -4.2e-05,
          6.8e-05,
          -0.001656,
          -0.001188,
          -0.001275,
          -0.001068,
          0.00161,
          -0.001438,
          -0.000816,
          0.000525,
          -0.002763,
          0.000455,
          -0.001138,
          -0.001012,
          -0.00062,
          0.000765,
          -0.00114,
          1.1e-05,
          8e-06,
          0.000583,
          0.001211,
          -0.000606,
          -0.000218,
          0.00247,
          -0.00077,
          -0.000199,
          0.001928,
          -0.0016,
          -0.000681,
          -0.001268,
          -0.001362,
          0.001178,
          0.000223,
          8.7e-05,
          0.001329,
          0.003931,
          0.000196,
          -0.000823,
          -0.000805,
          -0.002719,
          0.000875,
          -0.000277,
          -0.000183,
          -0.00146,
          0.001434,
          0.001268,
          -0.004452,
          -0.00123,
          0.000756,
          0.001794,
          0.000435,
          -0.00061,
          0.001663,
          -0.000379,
          -0.000347,
          -0.000137,
          -0.001475,
          -0.000122,
          0.000752,
          -0.002797,
          0.000472,
          0.000315,
          -0.001563,
          0.001139,
          0.000622,
          0.001825,
          0.001766,
          -0.00113,
          -0.000128,
          -0.000382,
          -0.001212,
          -0.004692,
          0.000654,
          0.000882,
          0.000925,
          0.002371,
          -0.001157,
          0.000251,
          0.000605,
          0.001251,
          -0.000772,
          -0.001792,
          0.004495,
          -0.000382,
          0.00047,
          -0.002353,
          -0.001388,
          3.5e-05,
          -0.00311,
          0.001126,
          -0.003893,
          -0.000517,
          0.000358,
          -0.000461,
          -0.002065,
          0.002449,
          -0.000768,
          0.001909,
          0.000442,
          -0.002532,
          2.6e-05,
          5.7e-05,
          0.000778,
          0.000753,
          0.001779,
          0.000529,
          0.000303,
          0.000328,
          -0.000766,
          -0.000737,
          -0.000259,
          -0.000115,
          -0.000292,
          0.000839,
          0.000584,
          -0.0006,
          0.000672,
          -0.000518,
          0.001149,
          0.000593,
          0.000453,
          0.001925,
          0.001268,
          -0.000389,
          0.002999,
          -0.001899,
          0.002984,
          3.5e-05,
          -0.000611,
          0.000198,
          0.001837,
          -0.002099,
          0.001261,
          -0.001945,
          -0.000115,
          0.002795,
          -0.000966,
          0.000357,
          -0.000448,
          -0.000325,
          -0.000991,
          -0.000577,
          -0.000189,
          0.000213,
          0.000671,
          0.000557,
          -0.000278,
          -0.000683,
          0.000748,
          -0.000228,
          -0.000184,
          8.8e-05,
          -0.000457,
          0.000545,
          -0.001154
        ]
      ]
    },
    "free_energy": -783.77729654,
    "mtime": 23.31750207868058,
    "numbers": {
      "__ndarray__": [
        [
          116
        ],